{"cameraMode":{"drawMode":0,"name":"Shaded","section":"Shading Mode"},"sceneLighting":true,"audioPlay":false,"sceneViewState":{"m_AlwaysRefresh":false,"showFog":true,"showSkybox":true,"showFlares":true,"showImageEffects":true,"showParticleSystems":true,"showVisualEffectGraphs":true,"m_FxEnabled":true},"in2DMode":false,"pivot":{"x":1.074469804763794,"y":-0.660059928894043,"z":2.537529945373535},"rotation":{"x":-0.24669277667999268,"y":0.018021339550614358,"z":-0.004587950650602579,"w":-0.9689178466796875},"size":24.289278030395509,"orthographic":false}